,caption
1861,"surreal mythical dreamy dark artistic black and white fine art photo of a monumental wax sculpture of a female - orchid - bird - cyborg with a luminous brain, rim light, cinematic, studio dramatic light, poetic, octane render, 8 k, photo - realistic "
884,view from earth atmosphere to the stars sci fi
203,"Drama King, photorealistic portrait, 8K, Cinematic lights"
1795,hyperrealism stock photo of highly detailed stylish humanoid robot in sci - fi cyberpunk style by gragory crewdson and vincent di fate that working in the highly detailed data center by mike winkelmann and laurie greasley rendered in blender and octane render 
105,"close up photo of anthropomorphic fox animal dressed in white shirt and khaki cargo pants, fox animal, glasses "
514,"of an intricate murky seabed with strange cute friendly marine creatures with huge eyes, long tongue, round teeth and funny face appearing from the water, in the style of craola, macro lens, shallow depth of field, highly detailed, digital painting, trending artstation, concept art, illustration, cinematic lighting, vibrant colors, photorealism, epic, octane render "
2349,a president with clown face taking a selfie in a podium next to first minister 
1543,"portrait of a cute cyberpunk cat, realistic, professional photography"
336,"A majestic landscape featuring a river, mountains and a forest. A small group of birds is flying in the sky. Harsh winter. very windy. There is a man walking in a deep snow. Cinematic, very beautiful, painting in the style of Lord of the rings"
1593,"anime style, vivid, expressive, full body, 4 k, painting, a cute magical girl idol with a long wavy colorful hair wearing a colorful dress, correct proportions, stunning, realistic light and shadow effects, neon lights, studio ghibly makoto shinkai yuji yamaguchi "
1507,overweight bearded brown haired man with manbun and glasses
241,a portal to the omnipotent universe 
2209,"by kyoto animation, cool girl wearing cyberpunk intricate streetwear, beautiful, detailed symmetrical close up portrait, intricate complexity, in the style of artgerm and ilya kuvshinov, cell shaded, 4 k, concept art, by wlop, krenz cushart, greg rutkowski, pixiv. cinematic dramatic atmosphere, cinematic lighting, studio quality "
1949,"a portrait of a cute female farmer, rustic setting, vivid colors, soft lighting, atmospheric, cinematic, moody, in the style of ilya kuvshinov and range murata, krenz cushart, rule of thirds, oil on canvas, 8 k "
1929,"a portrait of yoshi, fantasy, sharp focus, intricate, elegant, digital painting, artstation, matte, highly detailed, concept art, illustration, ambient lighting, art by ilya kuvshinov, artgerm, alphonse mucha, and greg rutkowski "
2252,"a beautiful illustration of pom klementinoff, intricate, sharp focus, illustration, highly detailed, digital painting, concept art, matte, art by wlop and artgerm and greg rutkowski and alphonse mucha, masterpiece "
2506,"a bruised and battered woman, snarls vehemently at the growling zombies all around her. she holds the sword like a true samurai warrior as she takes her last stand against the undead horde, every muscle in her body is tensed and ready, her blood soaked hair is matted to her head and face. she is determined to fight to the death. blood, decay, dramatic camera angles, horror, heroism epic, cinematic, volumetric lighting, symmetry, fantasy style, highly - detailed, unreal 5, realism, "
31,"close up of a beautiful woman on wearing concept fashion, fantasy, intricate, elegant, highly detailed, digital painting, artstation, concept art, smooth, 8 k, sharp focus, illustration, art by artgerm and greg rutkowski and alphonse mucha "
2036,"the interior of the old japanese forge, anime fantasy illustration by tomoyuki yamasaki, kyoto studio, madhouse, ufotable, square enix, cinematic lighting, trending on artstation "
2025,a guy in an all terrain vehicle by caravaggio 
1245,statue of snoop dog as batman by hot toys 
624,"classic world war 2 photo of a single warhammer 4 0 k space marine taking a promo picture with allied military, rosenthal, baltermants, kerlee, vaccaro "
863,"photoreal portrait very intricate! synthwave dj wearing a black hoody, white glossy class - a surfaces, glittering light leaks, electromagnetic waves, blue glowing aggressive led eyes, zbrush, greeble skin, octane render, colani design, cyberpunk, dystopia tokyo "
1576,"futuristic architectural skyscraper, by beksinski, high quality, realistic, very detailed"
2241,a screenshot of GTA V with mario driving a car
550,"a deer with bird feathers, highly detailed, full body"
1447,"half body portrait of very beautiful woman, in an outfit made by balenciaga, photo by greg rutkowski, high fashion, androgyn beauty, intricate detail, elegance, sharp shapes, soft lighting, vibrant colors, masterpiece "
382,a cinematic poster of vince vaughn as supporting character jack fenton from the live - action netflix superhero series'danny phantom'; fat ; loose - fitting orange bodysuit with black neck ; digital photograph 
270,Emma Watson as She-Hulk
194,"The church of misery, cyberpunk, dark, digital art, night, scary, creepy"
2075,"joe biden and donald trump getting drunk together at a pub, laughing and joking, at night "
1423,"male antropromorphic dragon - husky - hybrid, wearing a white doctors coat and stethoscope, digital art, concept art, trending on artstation, in the snow, bright colors, wings, tail, highly detailed, 8 k hd "
2219,"beautiful rainbow clouds, oil painting, concept art, trending on artstation, octane render, 8k, detailed"
776,"subsurface scattering, a centered biomechanical floral mandala sculpture, wax tubes, rhizomorphs, octane render, james jean, ellen jewett, giger, beeple, soft vibrant colors, 8 k, very coherent, trending on artstation "
1689,"a school of colorful fish in an overgrown pond cleaning up the bed, underwater photography "
1702,"photo of castle whimsical fairy wonderland vibrant colors candyland wonderland by artgerm and greg rutkowski and magali villeneuv art beeple, by thomas kinkade hearstone league of legends dofus beatrix potter "
1914," robot ninja helmet mask fantasy art overwatch and heartstone Video game icon, 2d game art gta cover , official fanart behance hd artstation by Jesper Ejsing, by RHADS, Makoto Shinkai and Lois van baarle, ilya kuvshinov, rossdraws "
2169,direct flash photography at night 
1665,"full body portrait of a beautiful woman with curves and small waist wearing gown, high detail, cleary see face, by gaston bussiere, bayard wu, greg rutkowski, auguste bourotte, odd nerdrum, maxim verehin, dan dos santos, masterpiece, sharp focus, cinematic lightning "
1999,"video game art, "
2057,"abstract oil matte portrait painting, woman in a shiny golden dress, weathered concrete wall background, detailed face, wonderful masterpiece highly detailed, beautiful cinematic light deep focus, elegant, smooth, sharp focus, golden ratio, dramatic illumination, ultra realistic, 8 k, art by kristina alisauskaite and caravaggio "
1217,"photo of a cyborg girl on a space ship, warframe armor, white hair, pretty face, scifi, professionally color graded, interesting angle, sharp focus, 8 k high definition, insanely detailed, intricate, innocent, art by stanley lau and artgerm "
53,"Mf Doom Painting by Sachin Teng, asymmetrical, Organic Painting , Matte Painting, Original Gameboy Palette, geometric shapes, hard edges, graffiti, street art,:2 by Sachin Teng:4"
639,"“robot brain, UHD, hyperrealistic render, 4k, highly detailed, artstation”"
468,"full body portrait of cute girl wearing gown, d & d, fantasy, portrait, highly detailed, digital painting, trending on artstation, concept art, sharp focus, illustration, art by artgerm and greg rutkowski and magali villeneuve "
2006,"A portrait of a Gothic goddess of fire jewels in an empty land, dark and mysterious, lively atmospheric, cinematic, 8k, 4k, ultra detail, ultra-realistic, rendered by DeviantArt"
2627,hand photography 
1087,Round SVG vector sticker of a video game controller
998,"a beautiful cyborg mermaid with a long fish tail, the body has shimmering fish scales, submerged underwater, dark ocean, light filtering through, the body is entwined in seaweed and coral, highly detailed, hyper - realistic, futuristic "
1906,giant oversized battle robot mech dog puppy as giant baby in a diaper on a village
667,"a highly detailed drawing of dwayne johnson doing a cameo appearance in sponge bob square pants, cartoon by stephen hillenburg "
1057,"portrait of a beautiful ukrainian russian attractive glamour model wearing 1 7 th century french off - the - shoulder neckline bodice with low neckline, jodhpurs greg manchess painting by sargent and leyendecker, studio ghibli fantasy medium shot asymmetrical intricate elegant matte painting illustration hearthstone, by greg rutkowski by greg tocchini by james gilleard "
1317,"byzantine gothic goddess, highly detailed, digital painting, trending on artstation, concept art, sharp focus, illustration, art by artgerm and greg rutkowski and magali villeneuve "
984,"bioluminescent crystal ball abstract sculpture, neon, fluorescent, magenta hyper detailed, red & purple beauteous biomechanical organic lightpainting, 8 k scenery, perfect lighting balance, "
1111,"subsurface scattering, a centered biomechanical floral mandala, smooth wax tubes, rhizomorphs, octane render, james jean, ellen jewett, giger, beeple, soft vibrant colors, 8 k, very coherent, trending on artstation "
599,frogleap studios metal music 
436,"a perfect 8K HD professional photo of Emma Watson kneeling , wearing leather jacket , miniskirt , pantyhose and high heels in sci-fi dystopian alleyway , at instagram , Adobe Lightroom , taken with kodak portra"
1156,owl - bear hybrid 
477,"tumultuous plunging waves, anime artwork, studio ghibli, stylized in an anime format, 4 k quality, trending on artstation "
1364,"the sea, sunset, colorful, clear water, digital illustration "
2126,antique marble statue of gigachad 
374,"astronaut drifting afloat in space, in the darkness away from anyone else, alone, digital render, detailed illustration, black background dotted with stars, concept art, realistic, 8 k "
593,fantasy dwarf sorcerer enchanting the entrance of a majestic fortress in amid a craggy landscape
484,film still of Tom Cruise as Ironman in the Avengers
1757,"a portrait photograph of a fierce sadie sink as an alien harpy queen with slimy amphibian skin. she is trying on a black lace bulbous feathered slimy organic membrane parasite dress and transforming into an insectoid amphibian. by donato giancola, walton ford, ernst haeckel, brian froud, hr giger. 8 k, cgsociety "
1133,Realistic drawing of an evil and mischievous cat that seems to have a grin.
1062,photo of a hybrid between a lion and a horse 
1186,donald trump in a grungy jail cell wearing a black and white prison uniform 
1970,"hyperrealism oil painting, seafoam crashing on pure white sand, bubbles and mist"
139,"landscape photography by marc adamus, mountains with some forests, small lake in the center, fog in the background, sunrays, golden hour, high quality "
1456,"a two huntress running away from a beautiful giantess on the winter valley, toward to the camera, scared face, dramatic pose, intricate, highly detailed, detailed face, smooth, sharp focus, environmental light, rim light, artgerm, artstation, greg rutkowski, ilya kuvshinov, rossdraws, aesthetic fantasy illustration "
680,"a giant priest stands over a city painting by beksinski, barlowe colors. masterpiece painting "
2482,junji ito manga character 
325,batman in red dead redemption 2 
1518,amazing lifelike award winning pencil illustration of trending on art station artgerm Greg rutkowski alphonse mucha j.c. Leyendecker cinematic
900,"small red wooden cottage by the lake, lanterns on the porch, smoke coming out of the chimney, dusk, birch trees, tranquility, two swans swimming on the lake, a wooden rowing boat, cumulus clouds, by charlie bowater, by greg rutkowski "
1230,film still from frightening horror movie. cinematic. 8 k. 
262,photograph of a futuristic cyberpunk flying car at night in the rain 
919,ghost superhero in the city streets at night during a thunderstorm 
2180,"portrait of a mountain valley utopia, 1 8 th century village in autumn "
1864,"incomprehensible space city, galaxy, highly detailed, epic, si - fi, insanely complex, 8 k, sharp focus, hyperrealism, "
457,Donald Trump with a burger for a head
2038,Donald Trump in The Last Supper
1814,a cat that looks like the cat from the video game stray
513,"beautiful ink sketch, ottoman ilya kuvshinov, wlop, krenz kushart, boris vallejo, ayami kojima and ayami kojima "
310,"A beautiful award winning picture of a cute cat in front of a dark background. The cat is a cat-peacock hybrid and has a peacock tail and short peacock feathers on the body. fluffy, extremely detailed, stunning, high quality, atmospheric lighting"
279,"dynamic and high energy anime composition with many hero characters together, running jumping, group of anime heroes, gapmoe yandere grimdark, trending on pixiv fanbox, painted by greg rutkowski makoto shinkai takashi takeuchi studio ghibli, akihiko yoshida "
211,"greek statue ascending into heaven holding stacks of cash, biblical image, style of gustave dore, highly detailed, beautiful, high contrast, black and white"
2712,"close - up view of silhouettes watching a giant dark sci - fi alien sea creature with big glowing eyes in a giant futuristic fish tank, deep blue colors, highly detailed science fiction painting by syd mead, roger dean, and moebius. rich colors, high contrast, black background. unreal engine, artstation. "
1258,"mark zuckerberg pixar villain, high definition 3 d animation movie screenshot "
1331,"portrait of a red color wolf with yellow horns in a suit, D&D, fantasy, elegant, badass, highly detailed, slim, digital painting, artstation, concept art, sharp focus, illustration"
1102,"a man with the head of an hourglass, octane render, peter mohrbacher, denis sarazhin, beeple, greg rutkowski, tomasz alen kopera, vibrant colors, highly detailed, dramatic lighting, 8 k, trending on artstation, very coherent "
499,"A foggy forest with cherry blossom leaves on the ground, liminal, quiet"
2114,"a high quality photo of an antropomorphic capybara wearing a suit, 8k, digital art"
2557,a hot shirtless 1 8 years old boy with abs and bisceps 
1393,"illustration by tom haugomat, matt murphy, thomas danthony and malika favre, summer landscape with mountain, village houses and trees, fine texture, detailed, dynamic composition, incredible quality, moody "
1804,Colour Brutal Caravaggio style Photography  of Highly detailed brutal Warrior  with highly detailed face  and wearing   retrofuturistic-sci-fi In Japanese folk military uniform designed by botticelli  and  wearing  detailed retrofuturistic sci-fi Neural interface designed by  Josan Gonzalez.    Many details   In style of  Josan Gonzalez  and Mike Winkelmann  and andgreg rutkowski and alphonse muchaand and Caspar David Friedrich and Stephen Hickman and James Gurney and Hiromasa Ogura.  Rendered in Blender and Octane Render volumetric dramatic natural light
1462,"colorful instant photograph of a short hair woman smoking in the street, leaning on the wall, polaroid, light leak, raw, nostalgic "
1669,the pope in saving private james ryan 
2289,"an old wizard in robes holding a magical book standing in front of an elaborate ancient wooden closed door, beautiful colourful fantasy rendering, colorful, grass, stone steps, glowing runes, morning, golden hour, inspired by art of James Gurney and Greg Rutkowski"
2531,"a film still polaroid portrait of a 1 9 8 0's disney girl at a vinyl stall, finely detailed features, closeup at the faces, perfect art, busy city, gapmoe yandere grimdark, trending on pixiv fanbox, painted by ilya kushinov makoto shinkai takashi takeuchi studio ghibli, akihiko yoshida "
2465,"illustrated by moebius and greg rutkowski and syd mead, epic orbital spaceships battle, nebulae, flash explosions, black hole, rule of third, high quality, cinematic, digital painting, vintage cover of retro sci - fi magazine "
1588,"incredible wide screenshot, ultrawide, simple watercolor, watercolor paper, rough paper texture ,masamune shirow ghost in the shell movie, katsuhiro otomo akira movie scene, forced perspective, robot arm reaching out of the grave, people panic in the foreground, litter, vanishing point, looking up, yellow parasol  in deserted dusty shinjuku junk town, broken vending machines, dusty ground, dirt, at noon ,bold graphic graffiti, old pawn shop, bright sun bleached ground, mud, fog, dust, windy, scary robot monster lurks in the background, ghost mask, teeth, animatronic, black smoke, pale  beige sky, junk tv, texture, shell, brown mud, dust, tangled overhead wires, telephone pole, dusty, dry, pencil marks, genius party,shinjuku, koju morimoto, katsuya terada, masamune shirow, tatsuyuki tanaka  hd, 4k, remaster, dynamic camera angle, deep 3 point perspective, fish eye, dynamic scene"
1009,"rococo flower design, varied, vivid, hd, intense coloration, beautiful "
1072,"an underwater photo of a newly discovered deep ocean creature, "
1828,"a grinning druid dryad with goat pupils transforming herself into a mad beast. her skin is covered in scales and feathers. landscape with mountains, river and night sky. painted by jan van eyck, max ernst and ernst haeckel, trending on artstation, 8 k, award winning, hard lighting, fashion editorial, mythology "
921,"frosted glass sphere sitting on a wooden table, high detail, 8k, complex"
1201,"Horrifying creature, haunted, horror"
1342,"a girl having an extremely colorful psychedelic experience, rainbow sash, mushroom, orchid, sunset, liquid smoke, surreal, face, detailed, intricate, elegant, lithe, highly detailed, digital painting, artstation, concept art, smooth, sharp focus, illustration, art by krenz cushart and artem demura and alphonse mucha "
831,Starship landing on alien desert by Chris Foss
846,"plants, flowers, trees being mixed in a bowl "
1956,"an eldritch god fallen from grace, perched atop a great pyramid made of obsidian with strange runes,"
2620,"silhouette of a god inside a burning sun in outer space, digital art, extreme detail "
2405,"a half - masked rugged laboratory engineer man with cybernetic enhancements as seen from a distance, scifi character portrait by greg rutkowski, esuthio, craig mullins, 1 / 4 headshot, cinematic lighting, dystopian scifi gear, gloomy, profile picture, mechanical, half robot, implants, dieselpunk "
412,"army tank driving across a checkerboard landscape, artwork by dan mumford "
2657,"walter white wearing adidas track suit and playing basketball, 8 k, photorealistic "
2299,"Rosie Huntington-Whiteley, watery crystal glow eyed, looking at the viewer, sundown misty firefly wisps,double split halter open thigh leaf dress; in the style of Lilia Alvarado, Sophie Anderson, Mark Arian, Bob Byerley, Charlie Bowater, Mark Brooks, Steve Henderson, Justin Gerard, Arthur Hughes, Edward Robert Hughes, Mark Keathley, Victor Nizovtsev, Carlos Shwabe, Ross Tran, WLOP"
2566,"futuristic hall, crisp, artstation, luxury, beautiful, dim painterly lighting volumetric aquatic, 3 d concept art "
1470,"a realistic detailed cinematic painting of a beautiful clear glass vibrant consciousness of human evolution, strange miraculous entity reflecting light prism, spiritual enlightenment, manifestation, peace, reincarnation, memories of past lives, triumph, beauty, perfection, opal statues adorned in jewels, by david a. hardy, kinkade, lisa frank, wpa, public works mural, socialist "
972,"3 d fractal, octane render, unreal engine, intricate, high detail, colorful, symmetry, abstract "
1642,"ultra realistic illustration, young man with gray skin, short white hair, intricate, with dark clothes, elegant, highly detailed, digital painting, artstation, concept art, smooth, sharp focus, illustration, art by artgerm and greg rutkowski and alphonse mucha "
694,"doc savage, art by artgerm and greg rutkowski and magali villeneuve and alphonse mucha and rossdraws, d & d, fantasy, highly detailed, digital painting, trending on artstation, concept art, sharp focus, illustration "
1843,"highly detailed portrait of tommy karevik as a warrior, in skyrim, stephen bliss, unreal engine, fantasy art by greg rutkowski, loish, rhads, ferdinand knab, makoto shinkai and lois van baarle, ilya kuvshinov, rossdraws, tom bagshaw, global illumination, radiant light, detailed and intricate environment "
1119,"dark enlightenment, alchemy, albedo, volumetric dark natural light, digital painting, by zdzislaw beksinski, jack kirby, tom lovell, alex malveda, greg staples "
56,realistic detailed face portrait of young beautiful woman by Alexandre Cabanel
1172,"beautiful girl with curly hair, watercolor style, colorful, pastel colors, ultra detailed"
2469,still from a movie on a tv screen 
2157,a portrait photo of a beautiful young woman who looks like a korean jennifer connely 
1403,"polished wet galactic ornate floral racy cyborg : : madison beer : : weta disney pixar movie still photo : : hi - fructose, sci fi, fantasy, decadent highly - detailed digital painting, golden ratio, octane render, artstation, smooth, sharp focus, artgerm, mucha, loish, wlop : : "
1704,"artgerm, psychedelic ben kweller, rocking out, headphones dj rave, digital artwork, r. crumb, svg vector "
767,"a robot holding a human skull on its hand, perfect symmetrical body, full body shot, inflateble shapes, wires, tubes, veins, white biomechanical, wearing epic bionic cybor implants, masterpiece, intricate, biopunk vogue, highly detailed, artstation, concept art, cyberpunk, octane render "
938,"raytraced render and digital painting of the inconceivable and spectacular a scene of complete madness, by greg rutkowski and michelangelo buonarroti and kinkade, cosmic entities, celestial, cosmic, luxury, elegant, ornate, vibrant and vivid, smooth, soft billowing smoke, darkness, bright, heavenly, elegant, swirls, cosmic flower, nebula vines, nebula tree, twirling, billowing, cinematic, unrealistic, high contrast, hdr, 4 k, artstation, cgsociety, unreal engine, symobolism, magical, mystical, mystifying, obscure, perplexing, zbrush, octane, hyperrealistic, bokeh, dof "
2690,"concept art, portrait, young man, dark medieval clothes, Hood, two swords, high detail, digital art, fantasy, RPG"
246,"mountains in the iris, macro photography, high resolution, high detail, 4K, 8K"
1301,"cat and dog licking each other, cute drawing, concept art, trending on Artstation, realistic, very beautiful fur"
2079,"grand scale. city built into a mountain peak, above the clouds, clouds below. beautiful. matte painting, artstation 4 k. "
1096,Big budget horror movie scene of the monster bursting out of the victim\'s head
2190,"Assorted Gaming, digital art, oil painting, trending on artstation"
579,porsche 911 in back 2 the future. trail of fire on street. 88mph. lightning strike
837,"A view ofthe gateway tothe Great Temple at Baalbec,by Paolo Veronese"
2065,"A cyborg girl with big and cute eyes, fine-face, realistic shaded perfect face, fine details. red, black and white robotic parts. realistic shaded lighting poster by Ilya Kuvshinov katsuhiro otomo ghost-in-the-shell, magali villeneuve, artgerm, Jeremy Lipkin and Michael Garmash, Rob Rey and Kentarõ Miura style, trending on art station"
2490,"an eggplant with bat wings, high detail "
1727,"warner brothers tom and jerry cartoon, fighting each other with lightsabers, cat and mouse, high quality "
1240,"beautiful human witch with blonde short curtly hair in intricate ornate witch robe, haughty evil look, witch hat. in style of yoji shinkawa and hyung - tae kim, trending on artstation, dark fantasy, great composition, concept art, highly detailed, dynamic pose. "
1875,bill murray as indiana jones 
944,"one fair - skinned beauty with black french braid and babyface hugging her knees wearing white dress, side portrait, bright light, full body, artstation "
908,"Painting of a shiba inu in forest, dark fantasy, intricate, elegant, highly detailed, digital painting, artstation, concept photoset, smooth, sharp focus, photo, art by and greg rutkowski and alphonse mucha"
976,ben affleck as a big burly padded hairy strongman 
1353,logo for a coffee chain 
410,"!13 hungry cannibals making a rich salad around a marble table, !positioned as last supper cinematic lighting, dramatic framing, highly detalied, 4k, artstation, by Rene Lalique and Wayne Barlowe"
562,a building in a stunning landscape in the style of simon stalenhag 
912,"Patrick Star, dressed as spiderman, as a movie poster"
886,seascape with big waves and sunset painted with oil paints in Kuindzhi style
1352,"jessica alba as star wars cowgirl cyborg from behind | jewelry | glamorous oily soft polished rich vixen ornate racy modern | pixar movie still photo | hi - fructose, sci fi fantasy, detailed digital illustration, smooth, octane render, sharp focus, artstation, concept art | artgerm, mucha, rhads | "
426,"jfk in a suit and tie with a creepy face, a bizarre screenprint by warhol, reddit contest winner, huge sheriff star police badge background, texas ranger, anaglyph filter "
340,"3D render of a cute tribal anime boy in a loincloth, fantasy artwork, fluffy hair, mid-shot, award winning, ray tracing, hyper detailed, very very very beautiful, studio lighting, artstation, unreal engine, unreal 5, 4k, octane renderer"
2203,painting by pablo amaringo 
1076,cute cats in Conceptual art style
1989,"model wearing tight dark blue jumpsuit with a see - through mesh stripe all the way up the side, from her ankles to her neck "
124,"a deepsea monster creature bio fauna by neville page, ken barthelmey, carlos huante and doug chiang, sharp focus, trending on artstation, hyper realism, octane render, 8 k, hyper detailed, ultra detailed, highly detailed, zbrush, concept art, creature design "
848,Boris Johnson and Eminen on a stage having an epic rap battle together
1018,"film still of the geisha robot from ghost in the shell, cinematic lighting, 3 5 mm, high resolution "
1745,"kim kardashian in linguire next to the beach, looking at camera while posing, wet clothes, realistic shading, fine details, realistic shaded lighting poster, g cup size, dslr "
1316,"photograph of table shaped like an avocado, product photography, intricate detail, 8 k "
1921,"a piece of toast is in the style of a circuit diagram, product patent, labels, detailed technical drawing "
2653,"beauty girl, hyper detailed, insane details, intricate, elite, elegant, luxury, by ismail inceoglu dragan bibin hans thoma greg rutkowski alexandros pyromallis rene maritte illustrated, perfect face, fine details, realistic shaded, fine - face, pretty face "
542,"an anime mahou shoujo with a huge gun, explosions in the background, anime action film, exquisite line art, Depth of field, high fidelity, smooth rendering, 4k, hd, Professional anime artist"
2390,"a dungeons and dragons character dark elf, hyper detailed, digital art, trending in artstation, cinematic lighting, studio quality, smooth render, artgerm, joshua middleton, rafael albuquerque, unreal engine 5 rendered, octane rendered, art style by klimt and nixeu and ian sprigger and wlop and krenz cushart "
2146,"symmetry!! portrait of sailor mars! alien in the style of horizon zero dawn, machine face, intricate, elegant, highly detailed, digital painting, artstation, concept art, smooth, sharp focus, illustration, art by artgerm and greg rutkowski and alphonse mucha, 8 k "
1823,"Wizard Archmage with flying swords, vibrant colors and hard shadows and strong rim light,  plain background, trending on artstation"
2699,"portrait of a handsome man of 3 9 years old, green eyes, light brown, good looking, wide nose by david rutkowski, by artgem "
1179,spanish mauricio colmenero 
2459,"dragon statue, buddhism, made in tang dynasty "
399,post post punk bands 
701,"blue haired female with hooded cult robes casting a magic spell, floating symbols, cave, dnd, rpg, cosplay, fantasy, artstation, cinematic composition, masterpiece, sharp focus, bright colors, matte, final fantasy, unreal engine highly rendered, global illumination, radiant light, intricate environment 8 k hd "
2323,a cat with dog ears and pig nose and cow hair 
1375,"full body painting of a vampire, bloody fangs, painting, highly detailed, cinematic, by stanley artgermm, tom bagshaw, greg rutkowski, carne griffiths, ayami kojima, beksinski, trending on artstation, hyper detailed, horror, vibrant "
659,"movie still action drama thriller dark scene cinematic lighting, photorealistic, hyperrealistic low light french movie "
2647,"attractive bradley james as king arthur pendragon, sat in his throne, big arches in the back, very detailed face, by gaston bussiere, j. c. leyendecker "
1162,"wide, lush scenic landscape, grand majestic mountains, valley, blue sky, white clouds, professional photography, realistic, highly detailed, 8 k "
721,"desert, art by joseph leyendecker, peter mohrbacher, ivan aivazovsky, ruan jia, reza afshar, marc simonetti "
2497,"kodak portra 4 0 0, wetplate, muted colours, teal orange, 1 9 1 0 s style, motion blur, portrait photo of a backdrop, sparkling, stargazer, snow, fog, by georges melies and by britt marling "
2182,owl on branch black ink vector art coloring book page 
2578,"fractal princess, highly detailed face, wide angle, digital painting, artstation, concept art, sharp focus, illustration, art by greg broadmore and arthur rackham,, artgerm, bob eggleton, stephen hickman, richard corben, wayne barlowe, greg rutkowski, alphonse mucha, 8 k trending on artstation, light lighting side view, digital art, surrealism, macro, blueprint, vaporwave, "
1780,"a bright fantasy city built between cliffs, sleek glass buildings, elegant bridges between stalactites, illustration, raining, dark and moody lighting, at night, digital art, oil painting, cold blue tones, fantasy, 8 k, trending on artstation, detailed "
1765,prompt engineer with no face wearing detailed handmade neural interface generating detailed masterpieces on detailed handmade computer still from isaac asimov and francois schuiten and dan hillier and ridley scott and denis villeneuve constructivism movie. volumetric soft ambient vibrant light 
730,"cunning [ [ elves ] ] ( with red hats and laterns ) in a dark [ mine ], fairy tale illustration, colorful, drawing by alan lee, rembrandt, arthur rackham and marc simonetti "
536,pages from the book of the dead 
488,"photo by josh pierce and prateek vatash and roman bratschi, a giant huge beautiful mid - century modern revival mansion palace with green plants and giant reflective windows on a huge scenic cliff overlooking the ocean, 4 d, 4 k, ray tracing reflections, volumetric lighting and shadows, haze, light beams "
420,"painting of hybrid between fox & dragon!!!!, intercrossed animal, mixture animal, by tiffany bozic, by zdzislaw beksinski, by salvador dali, cold hue's, warm tone gradient background, concept art, beautiful composition, digital painting "
800,scene from a 2 0 1 0 film by artemisia gentileschi showing a woman 
1885,"a magic mushroom zen garden, by alex grey and afarin sajedi and amanda sage and android jones and agostino arrivabene and wayne barlowe in a psychedelic portrait style, surreal, afofuturism, afropunk, black art, ultrarealistic, rendered in cinema 4 d, volumetric lighting, digital illustration, highly detailed, extremely ornate, fractal!, extremely symmetrical!!, 8 k, hd. "
2100,Anime
449,"a masterpiece portrait photo of a beautiful young woman who looks like a manic pixie dream girl mary elizabeth winstead, symmetrical face "
2584,"portrait of a female elf warlock, long pointy ears, glowing green eyes, bushy red hair and freckles + medieval setting, detailed face, highly detailed, digital painting, artstation, concept art, sharp focus, illustration, art by greg rutkowski and artgerm "
2088,"really cool sketchy logo, edgy aesthetic, trending on artstation "
1661,mother theresa eating a terrapin 
1281,"highly detailed, portrait, digital painting, trending on artstation, concept art, sharp focus, illustration "
1368,"guy fieri is very fit, makin peppermint ham patties with bacon in his kitchen "
2261,photo of a guy playing a gameboy under the blanket in his bed at night 
2214,"an ultradetailed illustration of an enlightened spaceman, drifting through a nebula, watching a star supernova in the background, blackhole consuming star, intricate detail, cinematic, 8 k, cel shaded, volumetric lighting, octane render, art by greg rutkowski and albert bierstadt, pixv "
1789,"giant stunning goddess shot, galactic sized beautiful hot anthropomorphic robot mecha female dragon, floating in space, larger than the planet, the earth a mere marble in her hand, detailed sleek silver armor, sharp claws, epic proportions, epic scale, highly detailed digital art, sci fi, furry art, macro art, dragon art, goddess art, warframe fanart, destiny fanart, anthro, furry, giantess, macro, furaffinity, deviantart, 8k 3D realism"
1490,cat with bunny ears 
1927,"Audrey Hepburn as wonder woman, fantasy, intricate, elegant, highly detailed, digital painting, artstation, concept art, smooth, sharp focus, illustration, art by artgerm and greg rutkowski and alphonse mucha"
2541,"handsome gaunt man with receding hair, in a smoking jacket, holding a pipe, warm colors, hard angles, painting by gaston bussiere, craig mullins, j. c. leyendecker "
2024,"monkey - cat - dog - fox hybrid in lemur pose, fluffy white fur, very long tail "
24,"oil matte portrait, mustache man in rags with clown wig and nose, evil expression. digital painting, fantasy, concept art, cinematic colors, realistic shaded. by ilya kuvshinov, magali villeneuve, artgerm, greg rutkowski "
222,"Dark Fantasy Painting of a werewolf with blood dripping from its mouth,  creepy, unsettling, horror, upper body, intricate, wild, highly detailed, digital painting, artstation, concept art, smooth, sharp focus, illustration, art by artgerm and greg rutkowski and alphonse mucha"
110,"a painting of an ocean with clouds and birds, day time, low depth field effect "
1622,"a sprawling city fused into the walls of a canyon, mesas, alpine tundra, nighttime, serene, very detailed, futuristic "
70,"anthropomorphic crow werecreature, photograph captured in a forest "
2522,"a portrait of woman with long dark curly red hair under the water, stoic, windy, pale skin with dark scales, mermaid, alone, underwater, fish, white eyes, dramatic, epic painting, painting by wlop and nixeu, semirealism, artstation, octane render, sharpness, 8 k, golden ratio "
752,"retro scifi spaceport with a spaceship about to take off, concept art, hyper detailed, ultra realistic, octane, artstation trending, unreal engine, dramatic lighting, reflections"
2674,digital goober 
1943,"an architectural drawing of a modern house with a courtyard, detailed, lush, "
813,"Call of Duty gameplay, modern warfare, ak47, sunlight in the distance, a mountain in the distance, a granade explosion on the side, a character being shoot, realistic, sharp, 4k quality, illustration, artstation"
2106,"a portrait of a male warrior, wearing camouflage, holding a sword, deep focus, d & d, fantasy, intricate, elegant, highly detailed, digital painting, artstation, concept art, matte, sharp focus, illustration, hearthstone, art by artgerm and greg rutkowski and alphonse mucha "
2601,zen koan ink 
36,"a beautiful painting of the jungle in the morning with lots of smoke, fantasy art, matte painting"
1328,"a very fluffy and hairy dragon, with hair all over her body, mouse hybrid "
649,muscular man wearing a leather harness and hat 
1987,"a rough looking young man, buzzed hair, gothic, tattered leather coat, intricate, elegant, dramatic lighting, gorgeous face, highly detailed, lifelike, photorealistic, digital painting, artstation,  illustration, concept art, smooth, sharp focus, art by John Collier and Albert Aublet and Krenz Cushart and Artem Demura and Alphonse Mucha"
450,"alien landscape with futuristic portal to another alien planet, astronaut stepping through the portal"
1974,the great grandchildren of superheroes 
315,"photograph of a ten year old girl by annie leibovitz, red hair, freckles, toothless "
2418,"psychedelic multicolor clouds, god rays, volumetric lighting, dynamic intricate ornate "
473,a portrait of a cat dog. 
1068,"male mad scientist in his laboratory, in the style of artgerm and charlie bowater and atey ghailan and mike mignola, epic lighting, vibrant colors and hard shadows and strong rim light, very coherent, comic cover art, plain background, trending on artstation "
1603,anthropomorphic cat wearing a lab coat - n 4 
2441,battle wizard with a mountain background 
2516,"capital city of the free republic of liberland with humongous green glass dome and path around it and humongous futuristic glass buildings built in the horizon, sunset light, hyperdetailed, artstation, painting by gaston bussiere, craig mullins, j. c. leyendecker, 8 k "
148,"colossal statue of an old king at the entrance of an ancient greek harbor, greg rutkowski, 8 k, shallow depth of field, intricate detail, concept art, "
2399,"masterpiece portrait of a beautiful stunning shinny girl with boho accessories, in violet reflective bikini, glossy, dreamlike beach, fantasy character portrait, dynamic pose, above view, top lighting, art by charlie bowater and steve hanks and starember and gil elvgren, ilya kuvshinov, cryengine, lumion render, 8 k realistic, hyper detailed, digital painting, artstation, concept art, realistic shaded, perfect face "
2042,"painted portrait of ruggedly handsome male warrior by greg rutkowski gaston bussiere, focused on face, muscular physique masculine manly, flowing robe, braided beard, fantasy intricate elegant detailed digital painting concept art artstation sharp focus illustration gold paint "
2713,"psychedelic transcendent puffs! of smoke, space, supernova, nebulae, pillars of creation, high contrast lighting, highly detailed, concept art, art by collier, albert aublet, krenz cushart, artem demura, alphonse mucha "
1936,Colour Caravaggio and Dune by denis villeneuve style Photography of Highly detailed beautiful Woman  with 1000 years detailed face and wearing detailed Ukrainian  folk costume designed by Taras Shevchenko also  wearing highly detailed retrofuturistic sci-fi Neural interface designed by  Josan Gonzalez.   Many details  In style of  Josan Gonzalez  and Mike Winkelmann  and andgreg rutkowski and alphonse muchaand and Caspar David Friedrich and Stephen Hickman and James Gurney and Hiromasa Ogura. Rendered in Blender and Octane Render volumetric natural light
1719,a highly detailed metahuman 8 k close up render of bella hadid as alex grey art renaissance in iris van herpen dress trending on artstation made in unreal engine 4 
929,"Female witch closeup, D&D, fantasy, intricate, elegant, highly detailed, digital painting, trending on artstation, concept art, illustration, art by Artgerm and Greg Rutkowski and Alphonse Mucha"
2223,if woody and buzz from toy story had a kid pixar animation hd 
1810,"a portrait of a cute young woman in a Victorian maid outfit with black bob cut hair, steampunk setting, vivid colors, soft lighting, atmospheric, cinematic, moody, in the style of Ilya Kuvshinov and Range Murata, Krenz Cushart, oil on canvas, 8k"
2664,"elon musk as slimy mollusk character, drool, full length portrait!!!, intricate, elegant, highly detailed, digital painting, artstation, concept art, wallpaper, smooth, sharp focus, illustration, art by h. r. giger and artgerm and greg rutkowski and alphonse mucha "
2332,"black anime manga girl, wearing camo, white french bob, purple colored eyes "
1554,a photo of a very fat green parrot. 
862,"a beautifull intricate painting of a beautiful black haired woman with pale skin and a crown on her head sitted on an intricate metal throne wearing a feathered cloak surrounded by tendrils, vivid colors, artstation, by jeremy mann, by alphonse mucha, "
1432,"cute, full body, female, anime style, a dog girl with fairy wings, large eyes, beautiful lighting, sharp focus, simple background, creative, heart effects, filters applied, illustration, trending on artstation "
1080,"a group of artists creating a masterpiece, glorious, in the style of artgerm and charlie bowater and atey ghailan and mike mignola, epic lighting, vibrant colors and hard shadows and strong rim light, very coherent, comic cover art, plain background, trending on artstation "
2534,"a goose - cat - hybrid, animal photography "
1681,hyperrealism aesthetic ridley scott and denis villeneuve and gaspar noe style colour surreal photography of a detailed hyperrealism ( ( ( ( banana ) ) ) ) with elon musk face on it in hyperrealism surreal movie in style of alejandro jodorowsky and wes anderson hyperrealism photo by araki nobuyoshi volumetric bright studio cyberpunk light 
394,"a whirlwind of souls rushing inside the metaverse, half body, glowin eyes, tiara with sapphire, pharaoh, android, cyberpunk, d & d, fantasy, intricate, elegant, highly detailed, colorful, vivid color, digital painting, artstation, concept art, art by artgerm and greg rutkowski and alphonse mucha and ruan jia "
227,"rows of cloaked figures. graveyard. eerie, somber tone. by zdzisław beksinski. surreal architecture, bizzare landscape, precisionism "
1656,piet mondriaan mario 
255,"a full body portrait of a good - lookiung girl wearing long loose gown, high detail, cleary see face, by gaston bussiere, bayard wu, greg rutkowski, odd nerdrum, maxim verehin, dan dos santos, masterpiece, sharp focus, cinematic lightning "
497,"movie still of a man and a robot in a moment of horror, movie still, cinematic composition, cinematic light, by edgar wright and david lynch "
368,"Portrait of an dwarven warrior with a large moustache, male, detailed face, fantasy, highly detailed, cinematic lighting, digital art painting by greg rutkowski"
1853,"a beautiful cyberpunk cyborg female wearing sugar skull makeup with brilliant silver flowing hair and a black cowboy hat, beautiful gold glowing eyes, repairing an armored vehicle in the desert by Paul Chadeisson, girl by Artgerm, atmospheric, concept art, high detail, cinematic, Sci-fi, blue lights, Artstation trending, octane render "
715,fidel castro nendoroid 
1039,"artstation, digital painting, very coherent symmetrical artwork, realism, illustration, amazing art, award winning, trending "
2348,"portrait of samurai warrior, artstation, cartoon, elegant, highly detailed, digital painting, concept art, smooth, sharp focus, illustration, art by studio ghibli, makoto shinkai, don bluth, fujita goro, jean giraud, atey ghailan, akihiko yoshida, tom whalen, anton fadeev 8 k "
1658,"dejah thoris wearing a gold dress just after a battle, close - up portrait, sand dunes to the horizon, late afternoon, fantasy, jewelry, ink and gouache, comic book splash, by bill sienkiewicz "
787,hybrid animal cat with eagle wings detailed oil painting 4k
35,"desolate space, realistic 4 k octane beautifully detailed render, 4 k post - processing, highly detailed, intricate complexity, epic composition, magical atmosphere, cinematic lighting, masterpiece, ultra hd "
304,Vladimir Lenin. Zdzisław Beksiński
388,"extremely detailed stunning beautiful futuristic smooth curvilinear museum interior, colorful, hyper real, 8k, 3D cinematic volumetric light"
854,"cute little dragon, gnome, elf, mage playing dnd at night in a medieval bar, fantasy, concept art, highly detailed, octane, unreal engine, anime, by laurel d austin, ghibly, disney, pixar, dreamworks "
1130,"friends dancing at an alternative concert facing the camera, crowd in the back, neon lines, colorful, very abstract style "
2425,"bill murray eating a large wheel of cheese, "
2360,"a pig - capybara, wildlife photography "
1438,"portrait of a beautiful alt girl, art by lois van baarle and ross tran and sam yang and ilya kuvshinov and guweiz, digital art, high detail, sharp focus, unreal engine 5, trending on artstation, deviantart, pinterest, 4 k uhd image "
169,"mage, wizard, female, demoness, forest, D&D, fantasy, intricate, elegant, highly detailed, digital painting, artstation, octane render, concept art, matte, sharp focus, illustration, hearthstone, art by Artgerm and Greg Rutkowski and Alphonse Mucha"
2344,"cinematic, very intricate, ornamental, artstation, moody, 4 k, ultra high definition, artstation, unreal engine "
678,"aubrey plaza as black widow, marvel, age 2 1, high resolution 8 k, photography, "
670,the lost city by beksinski
1232,timber house on a freight ship 
533,"futuristic spaceship escaping event horizon of black hole, by rossdraws, by marc simonetti, by matt rutkowski, dystopian lost in space, nebula, supernova, exploding galaxy, micro detail, octane render, physically based rendering, insane details, photorealism, fantasy, 8 k, cgsociety "
3,"deathly portal to the abyss, ultra detailed, warm interior light, cinematic shot, photorealistic, octane render, high definition, fine details, sinister tones, 8 k, mcbess mood, "
1580,"beautiful nighttime landscape photography of the Rocky Mountains with a crystal blue lake, milky way galaxy sky, serene, dramatic lighting."
2272,"a 3 5 mm photo from the back of a man alone at night in the streets of new york city in the 1 9 6 0 s, splash art, movie still, bokeh, canon 5 0 mm, cinematic lighting, dramatic, film, photography, golden hour, depth of field, award - winning, anamorphic lens flare, 8 k, hyper detailed, 3 5 mm film grain "
1735,a painting of a little cottage 
200,"an alien planet viewed from space, extremely detailed, beautiful, high quality image, dynamic lighting, photorealistic, trending on art station, stunning visuals, creative, cinematic, ultra detailed "
1289,"beautiful futuristic cyberpunk city, professional photo, reflections, 4 k "
1391,"pixar woman madison beer edm goth cyborg, sweaty | jewelry | glamorous oily soft polished rich ornate pout modern | weta disney pixar movie still photo | hi - fructose, fantasy, straps, smooth, octane render, sharp focus, artstation, concept art | artgerm, mucha, wlop, loish | "
708,"profile full - body shot portrait, young woman - guru with aikido gauze garb and blue turban, pursed lips, pointe pose, editorial photography, shot on 3 5 mm, depth of field, f / 2. 8, chiaroscuro, 1 6 k, volumetric lighting, shiny, insanely detailed and intricate, elegant, ornate, vogue, goethe colour soft"
187,"victorian lady, painting by rossetti, daniel gerhartz, alphonse mucha, bouguereau, detailed art, artstation "
763,a cute animal that's a penguin cat hybrid 
792,"pure energy ghost, glowing aura, laboratory, alien base, scifi, mysterious, 4 k, ultra realistic, colorful, detailed, epic lighting, machines, futuristic building, high detail, masterpiece, trending on artstation "
795,wood logs in the shape of a square
83,"The Wu Tang Clan Painting by Sachin Teng, asymmetrical, Organic Painting , Matte Painting,  geometric shapes, hard edges, graffiti, street art,:2 by Sachin Teng:4"
2434,"highly detailed painting of uzumaki naruto fighting a looming demigod, dramatic, sense of scale, stephen bliss, unreal engine, greg rutkowski, ilya kuvshinov, ross draws, hyung tae and frank frazetta, tom bagshaw, tom whalen, nicoletta ceccoli, mark ryden, earl norem, global illumination, god rays, windswept "
1838,"cinematic movie scene, beautiful Product shot film still of a Syd Mead futuristic modern sleek automobile speeding down a wet street at night in cyperpunk city, motion, hard surface modeling, volumetric soft lighting, style of Stanley Kubrick cinematography, 8k H 768"
1309,"rtx | ambient occlusion photo | edm cowgirl mech | portrait of beautiful, grand, soft, crisp, enticing madison beer | an ultrafine hyperrealistic illustration by artgerm and mucha and beeple and disney pixar and boris vallejo : : intricate linework, jewelry, face, hi - fructose, vaporware "
2639,"beautiful futuristic cyber punk woman, photo realistic, hyper detailed, comic book illustration, blue hair, voluptuous "
1127,"a checoslovaquian wolfdog, black and white painting "
1378,"petite gorgeous teen girl in mini skirt and crop top tank top, platform boots, beautiful face, intricate, extremely detailed, modeling photography, 8 0 mm camera, dramatic lighting, dark room, body and face "
1517,"incredible wide screenshot, ultrawide hawken, pacific rim, simple watercolor, watercolor paper, rough paper texture,masamune shirow, katsuhiro otomo ghost in the shell movie scene, backlit distant shot of a giant kaiju robot invasion side view, robots fight, robot eyes, robot head, robot shadow, robot statue, people panic, looking up, yellow parasol  in deserted dusty shinjuku junk town, broken vending machines, dusty ground, dirt, at noon ,bold graphic graffiti, old pawn shop, bright sun bleached ground, mud, fog, dust, windy, scary robot monster lurks in the background, ghost mask, teeth, animatronic, black smoke, pale  beige sky, junk tv, texture, shell, brown mud, dust, tangled overhead wires, telephone pole, dusty, dry, pencil marks, genius party,shinjuku, koju morimoto, katsuya terada, masamune shirow, tatsuyuki tanaka  hd, 4k, remaster, dynamic camera angle, deep 3 point perspective, fish eye, dynamic scene"
2596,a plate of hair and fur shaped into food
2478,adolphe bouguereau painting of an old anthropomorphic dog in an army uniform 
2590,"albert einstein as tony stark in ironman, cinematic lighting, dramatic, octane render, long lens, shallow depth of field, bokeh, anamorphic lens flare, 8 k, hyper detailed, 3 5 mm film grain "
2307,"summer, attractive male, dreamy, painting by gaston bussiere, craig mullins, j. c. leyendecker "
1026,"the tree of life, a spectacular fantasy illustration by bruce pennington, tall enchanted tree full of birds and flowers and fruit, lush foliage, dramatic lighting lit from above, god rays, soft muted color "
1090,"a charcoal sketch of a lizard, 1 9 th century botanical illustration "
817,"photography of an underwater ocean scene, 8 k, cinematic lighting "
1260,"game asset of tanks, in gouache detailed paintings, props, stylized, 2 d sprites, kitbash, arcane, overwatch, blue and pink color scheme, 8 k, close up "
1638,"portrait of a band with afro - haired bass player, skinny drummer, speedy guitarist, chubby singer, funk - rock band album art, 1 9 7 9 "
1711,"beautiful dynamic lighting, cinematic, extremely high detail, photo realistic, cinematic lighting, post processed, artstation, 8 k "
2238,"🛸🌊, 3 d, unreal engine 5, octane render, detailed, cinematografic, cinema 4 d, nvidia ray tracing graphics, artstation, greg rutkowski style, style rene magritte, surreal "
2258,footage of an astronaut in a tropical beach
2192,"cat eating pizza, vintage illustration"
1417,"minimalist watercolor art of paris, illustration, vector art "
2373,"renaissance, painting by gaston bussiere, craig mullins, j. c. leyendecker, tom of finland "
1870,"two beautiful identical female fighters facing each other, jean shorts, white top, dim lighting, gorgeous features, high resolution, detailed digital anime art"
1325,the fool tarot
366,"a bunch of people dancing underwater, pixar illumination studios animated movie by john lasseter, extremely joyful and eerie smiles, slimy fluid liquid blobs "
1615,"rpg, d & d, league of legends, hearthstone, world of warcraft, realistic, fantasy, golden weapon, game card, "
2682,Hatsune Miku Anime Action Figure
125,"a brand new medium, photorealistic by michael komarck, greg rutkowski, victo ngai, artgerm, willem claesz heda and j. dickenson "
1890,"young victorian working class woman in old clothes, dirty face, reading, painted by alfred stevens "
13,"portrait of a beautiful thick muscular fitness model zarya from overwatch wearing boxing gloves and showing her big pectorals, roided face, blonde hair and ponytail, elegant, art by stanley artgerm lau wlop rossdraws james jean andrei riabovitchev marc _ simonetti and sakimichan tranding on artstation "
1606,"robot wearing highly detailed hyperrealism neofuturistic cyberpunk neuralinterface, by wally wood and moebius "
165,Donald Trump. Putrid. Zdzisław Beksiński
1535,a retro arcade game
1010,"beauty, waterfall, plants, green, intricate environment, impressionistic watercolor painting by denis sarazhin, alvaro castagnet, kim jung gi, greg rutkowski, simon stale hah, thomas kinkade, craig mullins "
2610,"monstrous and twisted altar with a statue to a many eyeballs, pustule, boil, veiny and four armed cthulhu statue, flayed skulls, slimy tentacles twisting in lotus position. in the style of hr giger and zdzisław beksinski and frank frazetta. golden hour. biomechanical oil painting horror gothic hyperrealistic detail "
2012,"full body 3d render of super saiyan 3 goku as a funko pop!, studio lighting, grey background, single body, no shadow, blender, trending on artstation, 8k, highly detailed"
90,"a beautiful portrait of a beautiful woman in the jungle surrounded by pink flowers, shamanism, matte painting, fantasy art"
2110,"epic painting portrait photography beautiful goddess wearing white silk blouse with golden glow background, drawing, intricate, symmetrical front, by amy leibowitz, wlop, jeremy lipkin, beeple, intricate, artgerm, ilya kuvshinov, golden clouds background, centered "
2067,"fantasy knight, flaming sword "
1115,aftermath of a war in easter europe 
1338,dwayne johnson as a pirate with a bandana 
178,"old emma watson actress at age 9 0 years old, color ( sony a 7 r iv, symmetric balance, polarizing filter, photolab, lightroom, 4 k, dolby vision, photography award ), vogue, perfect face "
2381,film still of batman in pulp fiction. 
508,trendy bumper sticker design 
985,"a hyperrealistic portrait of a samurai, anime style, manga, vector art, black ink, white background, simple draw "
1407,"prompt : 3 5 mm photograph photo of soft light portrait painted in miyazaki color style drawn by katsuhiro otomo and takato yamamoto, inspired by fables, china doll face, smooth face feature, intricate oil painting, high detail, sharp high detail, manga and anime 2 0 0 0 "
2285,A realistic photo of a man with big ears
954,abstract oil painting art 
1572,"abstract hd phone wallpaper, grayscale, geometric"
2304,"crumbling old castle with legs moving towards a dense cityscape, smoke and sirens in the distance, digital art, hyperrealism"
2132,"rainy dystopian city from the year 3000, futuristic, neon lights, cyberpunk, atmospheric, detailed, unreal engine, octane render,"
2336,"beautiful victorian temple with large pillars, lava streams, magma cascades, chains hanging from ceiling, light dust, by peter mohrbacher dan mumford craig mullins nekro, cgsociety, pixiv, volumetric light, 3 d render "
736,"anime style, vivid, expressive, full body, 4 k, painting, a cute magical girl with short pink hair, stunning, realistic light and shadow effects, centered, simple background, studio ghibly makoto shinkai yuji yamaguchi "
522,"painting of a dark occult goddess, highly detailed, sharp, digital painting, illustration, art by greg rutkowski, yoji shinkawa, digital art, concept art, trending on artstation, 8 k "
1897,"small suburban houses in London at night inspired by Edward Hopper, Photographic stills, photography, fantasy, moody lighting, dark mood, imagination, cinematic"
160,"a beautiful terrifying ghost portrait black eyes twisted trees jennie blackpink, floating cloth whirlpool, butterfly hard lighting ethereal horror fantasy art blue skin, yellow green, white hues by karol bak, gaston bussiere craig mullins alphonse mucha basil gogos, monet, ruan jia, by wlop, moebius syd mead roger dean yoshitaka amano "
2448,"a portrait of a handsome, rebellious, young man, highly detailed, digital painting, trending on artstation "
1122,"A chessboard connected to a machine, Marcel Duchamp, Irving Penn, Rinko Kawauchi, cyberpunk, 1919"
1963,wall with famous banksy graffiti 
869,spewing the contents of my brain into the universe 
48,"wooden cottage, lots of servers in the living room, fireplace, concept art"
9,"photo environement post futurist desert : 4, 4 k rtx hdr volume light concept studio matte painting environement digital illustration style art that looks like it is from borderlands and by feng zhu and loish and laurie greasley, victo ngai, andreas rocha, john harris by jesper ejsing, by rhads, makoto shinkai and lois van baarle"
805,fancy treehouse mansion on top of a mountain overlooking a view of the valley magical realism detailed painting
2702,a funko pop of justin bieber in black suit 
1214,"belle disney princess as steampunk princess, brown hair, high fantasy, dnd, smooth, sharp focus, illustration, highly detailed, digital painting, artstation, concept art, by disney animation, rossdraws, alphonse mucha, frank fanzzeta, collectible card art "
1014,a flame - throwing bushel 
605,"mountains range with waterfall, purple haze, art by greg rutkowski and magali villeneuve, artstation "
100,a cute cat 
1190,"a dense vibrant forest of willow trees and wisteria flowers, thick mossy ground, forked river, fantasy digital painting, stunning intricate details, artwork by ross tran and greg rutkowski "
352,"ancient neon monster portrait, intricate artwork by basil gogos josan gonzalez, artgerm, h. r. giger, kilian eng, very coherent artwork, cinematic, hyper realism, vibrant, octane render, unreal engine, 8 k, high contrast, higly detailed black ink outline "
1140,"anime style, vivid, expressive, full body, 4 k, painting, a cute magical girl with a long wavy hair wearing a sailor outfit, correct proportions, stunning, realistic light and shadow effects, neon lights, studio ghibly makoto shinkai yuji yamaguchi "
16,"a concept art of a vehicle, cyberpunk, artstation "
1648,"a portrait oil painting of a smart man in his mid - 4 0 s, brown hair, blue eyes, salt and pepper beard, full beard, red skin, big eye brows, highly detailed, artistic composition, sharp focus, intricate concept, subtle lighting "
783,"a portrait of young handsome man with long face, dark skin and dreadlocks photo sharp focus high resolution "
1486,"full body photo of a gorgeous young woman in the style of stefan kostic, realistic, sharp focus, 8k high definition, insanely detailed, intricate, elegant, art by stanley lau and artgerm, dramatic lighting"
133,“a tech company office in a downtown class a building”
74,a man in a hazmat suit looks on helplessly as a huge gory drippy raw meat monster grows out of control in a creepy underground lab
2618,"a digital concept art by artgerm, greg rutkowski and alphonse mucha. cyberpunk armor!! space traveller. proportional figure. delicate features. alluring. navigator gear, gold and platin plated, dark blue background, poster style, ultra realistic. ultra detailed, volumetric light. unreal engine. 8 k. "
2140,"rafael albuquerque comic art, peter mohrbacher, steve niles, artgerm, david baldeon, pretty scarlett johansson vampire sharp vampire teeth open mouth, symmetrical eyes, black leather jacket, jeans, long blonde hair "
1633,"iris van herpen, perfect symmetrical body, helmet on face, full body shot, inflateble shapes, wires, tubes, veins, jellyfish, white biomechanical details, wearing epic bionic cyborg implants, masterpiece, intricate, biopunk, vogue, highly detailed, artstation, concept art, cyberpunk, octane render "
527,"a modern, contemporary studio apartment interior. high quality photography, 4 k. "
1150, promotional vogue studio portrait photo of Alanis Morissette  
300,"sansa angeline jolie gessica chastain victorian vampire, intricate, elegant, highly detailed, digital painting, artstation, concept art, smooth, sharp focus, illustration, art by artgerm and greg rutkowski and alphonse mucha and william - adolphe bouguereau "
440,"beautiful prince, male, golden hair, high fantasy, art by anato finnstark, joseph leyendecker, peter mohrbacher, ruan jia, marc simonetti, ayami kojima, cedric peyravernay, finnian macmanus, alphonse mucha, victo ngai "
347,"1970s action figure of Kanye West, product photography, plastic toy, white background, isolated background, studio lighting"
857,delicious plate of food 
154,"alien ( 1 9 7 9 ) in a biohazard suit, fashion, render, volumetric light, artstation, fine details, digital art, symmetrical "
2045,"dark dense forest, soft grey and blue natural light, ray tracing, crepuscular rays, intricate, digital painting, artstation, concept art, smooth, sharp focus, illustration, art by william waterhouse and luis rollo and guangjian huang and gil elvgren, symmetry! "
1044,"masterpiece painting of oak trees on a hillside overlooking a foggy valley, by marion wachtel "
2054,a cat combined with a chinchilla
80,"beautiful shamanic tarot card border, matte painting, fantasy art"
570,"cyberpunk zombie, cybernetics, sharp lines, digital, artstation, colored in "
740,"a masterpiece portrait photo of a beautiful young woman who looks like a korean maisie williams, symmetrical face "
1497,"A paladin dragonborn wielding a greatsword. Elegant, artstation, digital art, high detail, DND, lord of the rings, 8K"
2093,a photograph of a mouldy and messy burger 
821,"Elf Paladin Oath of Devotion, token with a round border, Dungeons and Dragons"
2173,"beautiful ink sketch, dieselpunk high fantasy, a neon triangle, by chris riddell, ilya kuvshinov, wlop, krenz kushart, boris vallejo, ayami kojima and ayami kojima "
1625,"a nova scotia duck tolling retriever with white chest and pink nose, professional photography, sharp focus, depth of field, very detailed "
1561,"retro sci fi art of an astronaut next to jupiter in a car, "
2163,"a massive sculpture of a squashed human face with 3 tongues made out of dripping jelly on the ocean water, cinematic, hyper - realistic, very detailed, realistic water splashes, ray tracing, 8 k resolution, long - shot, sharp focus, low angle, 8 5 mm photograph, wide lens "
1296,yoshi from nintendo
502,"dramatically lit, intricate fractal sculpture of an ancient, weathered, mossy marble sculpture of a dragonfly "
2364,"surrealistic monster on alien planet, underwater world, many fish "
65,"Medieval Warrior Portrait, by Alex Ross"
1032,"a portrait of a red - skinned dragonborn monk in a plain white cloak white cloak, holding a spear with a black tip, fantasy art by greg rutkowski "
2030,a humanoid kitty cat 
2410,"high quality 3 d render hyperrealist very cute very fluffy smooth dachshund plush mascot, photo from the side, multi pastel colors, vray, smooth background, artstation, ultra detailed "
574,"prince, gold, art deco, fantasy, highly detailed, intricate, smooth, art by joseph leyendecker, peter mohrbacher, ruan jia, marc simonetti, ayami kojima, cedric peyravernay, finnian macmanus, alphonse mucha, victo ngai "
960,"modern castle with classical elements on lush green street, sketchup "
294,"classic model of atoms, made out of glass marbles and chrome steel rods, octane render, studio light "
963,"obi - wan kenobi | | fine detail!! anime!! realistic shaded lighting!! poster by ilya kuvshinov katsuhiro otomo ghost - in - the - shell, magali villeneuve, artgerm, jeremy lipkin and michael garmash and rob rey "
618,"glowing lava rock, rune carving, octane render, 4 k, photorealistic rendering "
1047,"a shiba inu knight, resin miniature, 2 8 mm heroic scale, games workshop, deity, citadel colour, glowing eyes, osl, nmm, r / paintedminis, round base, fantasy ttrpg villain, dungeons and dragons, reaper minis "
7,cola made from cockroaches 
1095,a wizard pondering his orbie worbies 
647,"portrait of two beautiful medieval village finnish norwegian swedish attractive maidens in the woods, jodhpurs greg manchess painting by sargent and leyendecker, studio ghibli fantasy close - up shot asymmetrical intricate elegant matte painting illustration hearthstone, by greg rutkowski by greg tocchini by james gilleard "
750,"movie still of a cyborg, cinematic composition, cinematic light, by david lynch and wes anderson "
560,hatsune miku minecraft
2279,"new species that looks like a cross between a sloth and a cat, photorealistic, natural lighting, painting by patrick lamontagne "
1697,"face icon stylized minimalist trigun, loftis, cory behance hd by jesper ejsing, by rhads, makoto shinkai and lois van baarle, ilya kuvshinov, rossdraws global illumination "
2450,a red car 
2570,a portrait of a 1 9 8 0 s kgb agent looking like joe biden 
1277,"toads, frogs, ryuta ueda artwork, breakcore, style of jet set radio, y 2 k, gloom, space, cel - shaded art style, indigo rainbow, data, minimal, takashi murakami artwork, code, cybernetic, dark, eerie, cyber "
1268,"super saiyan 4 gohan, highly detailed, dragon ball z concept art, studio quality "
1530,"A portrait of a skull that is a cowboy, sticker, colorful, illustration, highly detailed, smooth and clean vector curves, no jagged lines, vector art, smooth"
630,"botanical illustration of plant with magic - filled tubers, fantasy art "
897,"portrait of a beautiful young woman, front view. casual clothing. studio photo by annie leibovitz."
1198,"natural suburb with multiple low rise apartment buildings in a park like setting with green hilly lawns and lush trees, pine wooden walls, rustic, large glass windows, cobblestone, grass, white, natural pathways, natural materials, minimalist, swedish design, bright, feng shui, modern, technology, frank lloyd wright, 8 k "
250,"a sorceress wearing a black robe with gold embroidery, sitting at table, casting a spell, glowing colored flames, painted by artgerm and tom bagshaw, in the style of magic the gathering, highly detailed digital art "
1756,funny peanut butter 
85,Mark Zuckerberg but he’s actually human
42,"Twin Peaks book cover movie poster artwork by Tomer Hanuka, Rendering a blue rose full of details, Michael Whelan, Patryk Hardziej,  Makoto Shinkai and thomas kinkade, by Gregory Crewdson, Matte painting, trending on artstation and unreal engine"
829,"a digital futuristic sci - fi painting of a cybernetic man, by android jones and tyler edlin, impressionistic and expressionistic, trending on cgsociety, cyberpunk, bold brushstrokes, bold colors, dystopian art, sci - fi, circuitry "
114,"medieval old king, rpg character, hearthstone, fantasy, elegant, highly detailed, digital painting, artstation, concept art, matte, sharp focus, illustration, global illumination, shaded, art by artgerm and greg rutkowski and alphonse mucha, 8 k "
1536,needle felted beatles group playing music
875,botanical illustrations of many multicolored flowers
636,"an underwater rollercoaster, cinematic, dramatic, high - speed photograph "
2232,"a small 2 0 5 0 s microsoft shop, phones, tablets, robots and mannequins, interior environment concept art design by fzd and craig mullins trending on artstation. "
2197,atmospheric psychedelic breathtaking translucent ethereal 
1772,"anime style, vivid, expressive, full body, 4 k, painting, a cute magical girl idol with a long wavy hair wearing a dress fighting monsters, blue and red, balance, correct proportions, stunning, realistic light and shadow effects, neon lights, studio ghibly makoto shinkai yuji yamaguchi "
1679,"kodak portra 4 0 0, wetplate, muted colours, blueberry, 1 9 2 0 s style, long shot, macro photo of a colourful 1 9 2 0 s handsome 1 6 yo bavarian cowherd girl posing in a beautiful flower meadow in the bavarian alps, mountain panorama, motion blur, tiny gaussian blur, depth of field "
1183,"intricate detailed psychedelic painting of a barren foggy land, by beksinski, james gurney, lisa frank, dan luvisi, petros afshar, tim hildebrandt, liam wong, mark riddick, thomas kinkade, giger, dan mumford, trending on artstation, josephine wall, wlop "
1004,a coin bag item from a videogame ui
1193,"fantastic samurai with dragon helmet, intricate, symmetry, painting by kiyohara tama, yoshitaka amano, sana takeda, kentaro miura "
706,"futuristic city street where it is raining, a row of shops including a mcdonalds are all abandoned and vandalised windows are broken, dark lighting with storm clouds, 4 k digital art "
2317,"beautiful warrior lady, black long hair, practical armor, brown skin, demonic eyes, low fantasy, extremely detailed, sharp focus, smooth, digital illustration, by rossdraws, frank franzzeta, sakimichan "
839,A photo of a man with the head of a bear.
99,a 
1346,"3 d close - up minimalist coherent symmetrical aesthetic goddess skull liminal human skull, jellyfish, beautiful detailed japanese crow kitsune mask and classical japanese kimono highly detailed. iridescent accents. by wlop, tooth wu, greg rutkowski, alena aenami, beeple, octane render, ultra realistic. teal and gold "
611,"side portrait scifi!! cyborg!! girl with robotic parts and spacesuit | | head only in center of image, audrey plaza, fine detail!! anime!! realistic shaded lighting!! poster by ilya kuvshinov katsuhiro otomo ghost - in - the - shell, magali villeneuve, artgerm, jeremy lipkin and michael garmash and rob rey "
616,"huge hulking creature, muscular and terrifying, unsettling, creepy, epic hairy monster terrifying covered in dark fur and matted mud with glowing green eyes, concept art, digital character art, artstation, cgsociety"
782,Beyonce playing the guitar
1834,"weird creature heads anatomy on white background, action pose, intricate, highly detailed, digital painting, artstation, concept art, smooth, sharp focus, illustration, art by norman rockwell emiliano ponzi andrey remnev yoann lossel aaron jasinski, 8 k "
1477,"1 9 6 0 s movie still of emma stone in a gigantic neoclassical room with columns, cinestill 8 0 0 t 3 5 mm, high quality, heavy grain, high detail, panoramic, cinematic composition, dramatic light, ultra wide lens, anamorphic, flares "
143,"symmetry!! a hybrid medieval exquisite complex and beautiful double hatchet in the fog of magic light,,, digital painting, artstation, concept art, smooth, sharp focus, illustration, art by artgerm and greg rutkowski and alphonse mucha, 8 k "
809,"colorful maximalist 7 0 s interior, natural sunlight, muted, architectural digest, hanging plants, cinematic, cyberpunk, lofi, calming, dramatic, fantasy, by moebius, by zdzisław beksinski, studio ghibli, fantasy lut, epic composition, sci - fi, dreamlike, surreal, angelic, cinematic, 8 k, unreal engine, photorealistic, 5"
1547,a shot from inside someones mouth eating ice cream
1442,"designed by giorgetto giugiaro stylized poster of mad max's pursuit special v 8 interceptor concept, thick neon lights, ektachrome photograph, volumetric lighting, f 8 aperture, cinematic eastman 5 3 8 4 film "
1144,harry potter as a skyrim character 
2550, sexy  young Scarlett Johansson with long red hair wearing very tight  Translucent metallic mirror chrome latex  crazy outfit Met Gala photoshoot
1051,a portrait of a character by ernest lawson 
2679,"painting of beautiful tree with mango strawberry kiwi by studio ghibli, makoto shinkai trending on artstation, epic composition, intricate details "
587,a bag of frozen breaded scampi with maerl spilling out
1158,grand theft auto gameplay with John travolta
2097,"realistic photography of a man 3 5 years old with a bit of bear, short hair, few wrinkles around eyes, sexy, cinematographic, cinematic light, close up view, intense, colorize, 8 0 mm lens "
231,cartoon character in a style of adventure time cartoon
286,"Portrait of an old sea captain, male, detailed face, fantasy, highly detailed, cinematic lighting, digital art painting by greg rutkowski"
1286,donald trump with barack obama 
2141,trump playing basketball 
132,"an concept art illustration, photorealistic tribal people working, fantasy street with huts, large insect and plant biomes, ultra realistic, style by wlop, trending in artstation, cgsociety, octane render, ultra sharp, concept illustration, digital painting, 8 k "
953,"a character sheet showing 4 different designs for an evil sorcerer in ornamental robes with glowing runes on fabric, holding a tall glowing ornate intricate magical staff, video game concept art by greg rutkowski, craig mullins, weta, elder scrolls "
966,"textless 8 k movie capture, perfect global lighting, timelapse, cinematography by robert richardson, tension, cinematic lut, perfectionism, hdr movie lighting, accent spots, hdr intricate detail, hypersharp studio composition, light vivid semi - distant illuminated figures, color grading, focal point, focus "
947,"a beautiful orchard in full bloom, blue hour. distant mountains. painting by gary coleman. dramatic lighting. "
1025,"beautiful cinematic movie still of katie porter as captain america by marvel, in costume next to her whiteboard "
993,"heroic male warrior fighting with a zombie, in the style of artgerm and charlie bowater and atey ghailan and mike mignola, epic lighting, vibrant colors and hard shadows and strong rim light, very coherent, comic cover art, plain background, trending on artstation "
871,"peter elson, chris foss, john berkey, tony roberts, jim burns, don davis"
